﻿{"name":"Custom","visualStyles":{"*":{"*":{"outspacePane":[{"backgroundColor":{"solid":{"color":"#FFFFFF"}}}],"background":[{"color":{"solid":{"color":"#A600F4"}},"transparency":100}],"border":[{"color":{"solid":{"color":"#FFFFFF"}},"show":false}]}},"page":{"*":{"background":[{"color":{"solid":{"color":"#7000A4"}},"transparency":0}],"outspace":[{"color":{"solid":{"color":"#620090"}},"transparency":0}]}}},"textClasses":{"label":{"fontSize":12,"color":"#FFFFFF"},"callout":{"color":"#FFFFFF","fontFace":"'Segoe UI', wf_segoe-ui_normal, helvetica, arial, sans-serif","fontSize":40},"title":{"color":"#FFFFFF","fontFace":"'Segoe UI', wf_segoe-ui_normal, helvetica, arial, sans-serif"},"header":{"color":"#FFFFFF","fontFace":"'Segoe UI', wf_segoe-ui_normal, helvetica, arial, sans-serif"}},"foreground":"#000000","foregroundNeutralSecondary":"#FFFFFF","backgroundLight":"#FFFFFF","dataColors":["#FF6A00","#00FFF7","#E66C37","#118FFF","#E044A7","#00BF0D","#D9B300","#E80012"],"bad":"#E80012","good":"#00BF0D"}